username,ta-secret,group
ayang,1,P
aajo,1,P
aldenbro,1,P
eliasmar,1,P
filarsso,1,P
filohl,1,P
mneirji,1,P
lindq2,1,P
jskantz,1,P
bardv,1,P
nilham,1,P
ossiane,1,P
sesto,1,P
alvahal,2,B
amkihan,2,B
arving,2,B
carlhans,2,B
emibe,2,B
tohme,2,B
lindanyc,2,B
linuerik,2,B
mariatsy,2,B
melise,2,B
sodini,2,B
simoli,2,B
twikstad,2,B
wcvno,2,B
alvart,3,O
annbog,3,O
elingud,3,O
frest,3,O
gsjokv,3,O
juliapo,3,O
kristinr,3,O
lindawid,3,O
maostlu,3,O
thtng,3,O
wys,3,O
jakobfp,3,O
lindaci,3,O
alvasun,3,O
turev,4,B
asodal,4,B
lisgra,4,B
losjob,4,B
lalhanko,4,B
majlar,4,B
melst,4,B
samadyar,4,B
milesho,4,B
mortadan,4,B
shayanek,4,B
sixtenhe,4,B
smarcus,4,B
tarara,4,B
anbruno,4,B
adamhf,5,R
alejad,5,R
haaker,5,R
didliu,5,R
ewallgre,5,R
felixsj,5,R
herdi,5,R
jabdi,5,R
jsoderho,5,R
kalander,5,R
kolevski,5,R
trov,5,R
markugu,5,R
yuusufd,5,R
azeezd,6,P
carlch,6,P
ardstrom,6,P
dpeilitz,6,P
eliasfl,6,P
eliased,6,P
ellmar,6,P
emilhul,6,P
murnion,6,P
hugosac,6,P
boleni,6,P
osveijer,6,P
ogronman,6,P
melg,6,P
alholmbe,7,P
ayaw,7,P
erisid,7,P
frblo,7,P
gake,7,P
ivang,7,P
jannesc,7,P
xander,7,P
melkerk,7,P
melvinam,7,P
morrissc,7,P
vios,7,P
vinlin,7,P
oschel,7,P
gopal,8,B
birgerk,8,B
briano,8,B
dlindbo,8,B
ellenhof,8,B
emilkare,8,B
pakkos,8,B
dowah,8,B
ihabab,8,B
schweize,8,B
falkborn,8,B
lindajo2,8,B
grin,8,B
ornse,8,B
rouaa,8,B
danteac,9,P
faysalbm,9,P
sundmar,9,P
hbjors,9,P
lefevre,9,P
rasmushu,9,P
simonmn,9,P
sofiaa5,9,P
tomreh,9,P
valhas,9,P
viktorrn,9,P
villest,9,P
zhongmin,9,P
skalski,9,P
antonul,9,P
ajfr2,10,R
albinhar,10,R
akopyan,10,R
emilhyl,10,R
erikb4,10,R
farhansy,10,R
fbte,10,R
ihassle,10,R
jstagge,10,R
laurani,10,R
leosv,10,R
leonfa,10,R
swolff,10,R
stellac,10,R
oarbman,10,R
aravan,10,R
gnords,11,R
trlin,11,R
pal2,11,R
ni5,11,R
nellyst,11,R
nws,11,R
olleandr,11,R
ohilding,11,R
oskar5,11,R
ponlinde,11,R
rcornell,11,R
sagasi,11,R
sdillen,11,R
sedv,11,R
dtottie,12,PP
ollejer,12,PP
mathm,12,PP
davidgd,12,PP
ghaglu,12,PP
lukasfri,12,PP
obergqv,12,PP
ollestra,12,PP
peoe,12,PP
thstro,12,PP
vicmil,12,PP
vinlag,12,PP
aemmoch,13,R
dantew,13,R
edwinah,13,R
enlil,13,R
felixhh,13,R
hamak,13,R
jenkoh,13,R
joelif,13,R
lrigner,13,R
mmorsell,13,R
mweng,13,R
vhernadi,13,R
vilost,13,R
wver,13,R
zakhed,13,R
abhsas,14,P
ekrot,14,P
alflil,14,P
abackeus,14,P
anushkab,14,P
cdn,14,P
erikas2,14,P
dinesjo,14,P
maryab,14,P
meya,14,P
michelda,14,P
oloflil,14,P
pluthi,14,P